<ImportExportXml version="9.2.25014.158" SolutionPackageVersion="9.2" languagecode="1031" generatedBy="CrmLive" xmlns:xsi="http://www.w3.org/2001/XMLSchema-instance" OrganizationVersion="9.2.25014.158" OrganizationSchemaType="Standard" CRMServerServiceabilityVersion="9.2.25023.00154">
  <SolutionManifest>
    <UniqueName>hackTogetherAiTrainingImprove</UniqueName>
    <LocalizedNames>
      <LocalizedName description="hackTogetherAiTrainingImprove" languagecode="1031" />
    </LocalizedNames>
    <Descriptions />
    <Version>1.0.0.1</Version>
    <Managed>0</Managed>
    <Publisher>
      <UniqueName>MsHackTogether</UniqueName>
      <LocalizedNames>
        <LocalizedName description="MS Hack Together" languagecode="1031" />
      </LocalizedNames>
      <Descriptions />
      <EMailAddress xsi:nil="true"></EMailAddress>
      <SupportingWebsiteUrl xsi:nil="true"></SupportingWebsiteUrl>
      <CustomizationPrefix>mshack</CustomizationPrefix>
      <CustomizationOptionValuePrefix>80857</CustomizationOptionValuePrefix>
      <Addresses>
        <Address>
          <AddressNumber>1</AddressNumber>
          <AddressTypeCode>1</AddressTypeCode>
          <City xsi:nil="true"></City>
          <County xsi:nil="true"></County>
          <Country xsi:nil="true"></Country>
          <Fax xsi:nil="true"></Fax>
          <FreightTermsCode xsi:nil="true"></FreightTermsCode>
          <ImportSequenceNumber xsi:nil="true"></ImportSequenceNumber>
          <Latitude xsi:nil="true"></Latitude>
          <Line1 xsi:nil="true"></Line1>
          <Line2 xsi:nil="true"></Line2>
          <Line3 xsi:nil="true"></Line3>
          <Longitude xsi:nil="true"></Longitude>
          <Name xsi:nil="true"></Name>
          <PostalCode xsi:nil="true"></PostalCode>
          <PostOfficeBox xsi:nil="true"></PostOfficeBox>
          <PrimaryContactName xsi:nil="true"></PrimaryContactName>
          <ShippingMethodCode>1</ShippingMethodCode>
          <StateOrProvince xsi:nil="true"></StateOrProvince>
          <Telephone1 xsi:nil="true"></Telephone1>
          <Telephone2 xsi:nil="true"></Telephone2>
          <Telephone3 xsi:nil="true"></Telephone3>
          <TimeZoneRuleVersionNumber xsi:nil="true"></TimeZoneRuleVersionNumber>
          <UPSZone xsi:nil="true"></UPSZone>
          <UTCOffset xsi:nil="true"></UTCOffset>
          <UTCConversionTimeZoneCode xsi:nil="true"></UTCConversionTimeZoneCode>
        </Address>
        <Address>
          <AddressNumber>2</AddressNumber>
          <AddressTypeCode>1</AddressTypeCode>
          <City xsi:nil="true"></City>
          <County xsi:nil="true"></County>
          <Country xsi:nil="true"></Country>
          <Fax xsi:nil="true"></Fax>
          <FreightTermsCode xsi:nil="true"></FreightTermsCode>
          <ImportSequenceNumber xsi:nil="true"></ImportSequenceNumber>
          <Latitude xsi:nil="true"></Latitude>
          <Line1 xsi:nil="true"></Line1>
          <Line2 xsi:nil="true"></Line2>
          <Line3 xsi:nil="true"></Line3>
          <Longitude xsi:nil="true"></Longitude>
          <Name xsi:nil="true"></Name>
          <PostalCode xsi:nil="true"></PostalCode>
          <PostOfficeBox xsi:nil="true"></PostOfficeBox>
          <PrimaryContactName xsi:nil="true"></PrimaryContactName>
          <ShippingMethodCode>1</ShippingMethodCode>
          <StateOrProvince xsi:nil="true"></StateOrProvince>
          <Telephone1 xsi:nil="true"></Telephone1>
          <Telephone2 xsi:nil="true"></Telephone2>
          <Telephone3 xsi:nil="true"></Telephone3>
          <TimeZoneRuleVersionNumber xsi:nil="true"></TimeZoneRuleVersionNumber>
          <UPSZone xsi:nil="true"></UPSZone>
          <UTCOffset xsi:nil="true"></UTCOffset>
          <UTCConversionTimeZoneCode xsi:nil="true"></UTCConversionTimeZoneCode>
        </Address>
      </Addresses>
    </Publisher>
    <RootComponents>
      <RootComponent type="1" schemaName="cr16e_booking" behavior="0" />
      <RootComponent type="1" schemaName="cr16e_course1" behavior="0" />
      <RootComponent type="1" schemaName="cr16e_course2" behavior="0" />
      <RootComponent type="1" schemaName="cr16e_courseevaluation" behavior="0" />
      <RootComponent type="1" schemaName="cr16e_supervisor1" behavior="0" />
      <RootComponent type="1" schemaName="cr16e_userprofile" behavior="0" />
      <RootComponent type="29" id="{791e61dc-11f6-ef11-be20-002248a42c4e}" behavior="0" />
      <RootComponent type="62" schemaName="cr16e_hackTogetherManagerApp" behavior="0" />
      <RootComponent type="80" schemaName="cr16e_hackTogetherManagerApp" behavior="0" />
      <RootComponent type="161" id="{b75ad111-40f5-ef11-be20-7c1e523436e1}" behavior="0" />
      <RootComponent type="300" schemaName="cr16e_hacktogethertrainingimprove_a7bdf" behavior="0" />
    </RootComponents>
    <MissingDependencies>
      <MissingDependency>
        <Required type="61" schemaName="msdyn_/Images/AppModule_Default_Icon.png" displayName="msdyn_/Images/AppModule_Default_Icon.png" solution="AppModuleWebResources (2.5)" />
        <Dependent type="80" schemaName="cr16e_hackTogetherManagerApp" displayName="hackTogetherManagerApp" />
      </MissingDependency>
      <MissingDependency>
        <Required type="SettingDefinition" displayName="AppChannel" solution="msdyn_AppFrameworkInfraExtensions (1.0.0.12)" id.uniquename="AppChannel">
          <package appName="PowerAppsAppFramework Package" version="1.0.0.16">PowerAppsAppFramework_Anchor (1.0.0.16)</package>
        </Required>
        <Dependent type="AppSetting" displayName="parentappmoduleid.uniquename=cr16e_hackTogetherManagerApp,settingdefinitionid.uniquename=AppChannel" id.parentappmoduleid.uniquename="cr16e_hackTogetherManagerApp" id.settingdefinitionid.uniquename="AppChannel" />
      </MissingDependency>
    </MissingDependencies>
  </SolutionManifest>
</ImportExportXml>