<botcomponent schemaname="cr16e_raiseTrainingBot.topic.Escalate">
  <componenttype>9</componenttype>
  <description>Dieses Systemthema wird ausgelöst, wenn der Benutzer angibt, dass er mit einem menschlichen Agent sprechen möchte.
Sie können in den Bot-Einstellungen konfigurieren, wie der Bot mit Übergabeszenarien an menschliche Agents umgeht.
Falls Ihr Browser keine Eskalationen verarbeitet, sollte dieses Thema deaktiviert werden.</description>
  <iscustomizable>0</iscustomizable>
  <name>Eskalieren</name>
  <parentbotid>
    <schemaname>cr16e_raiseTrainingBot</schemaname>
  </parentbotid>
  <statecode>0</statecode>
  <statuscode>1</statuscode>
</botcomponent>