<botcomponent schemaname="cr16e_raiseTrainingBot.topic.OnError">
  <componenttype>9</componenttype>
  <description>Dieses Systemthema wird ausgelöst, wenn der Bot auf einen Fehler stößt. Bei Verwendung des Test-Chatbereichs wird die vollständige Fehlerbeschreibung angezeigt.</description>
  <iscustomizable>0</iscustomizable>
  <name>Bei Fehler</name>
  <parentbotid>
    <schemaname>cr16e_raiseTrainingBot</schemaname>
  </parentbotid>
  <statecode>0</statecode>
  <statuscode>1</statuscode>
</botcomponent>