<botcomponent schemaname="cr16e_raiseTrainingBot.topic.Goodbye">
  <componenttype>9</componenttype>
  <description>Dieses Thema wird ausgelöst, wenn der Benutzer die Unterhaltung beenden möchte. Standardmäßig wird die Unterhaltung nicht beendet. Wenn Sie die Unterhaltung beenden möchten, wenn sich der Benutzer verabschiedet, können Sie diesem Thema eine Aktion „Ende der Unterhaltung“ hinzufügen oder zum Systemthema „Ende der Unterhaltung“ umleiten.</description>
  <iscustomizable>0</iscustomizable>
  <name>Wiedersehen</name>
  <parentbotid>
    <schemaname>cr16e_raiseTrainingBot</schemaname>
  </parentbotid>
  <statecode>0</statecode>
  <statuscode>1</statuscode>
</botcomponent>