<botcomponent_connectionreferenceset>
  <botcomponent_connectionreference botcomponentid.schemaname="cr16e_raiseTrainingBot.component.MicrosoftDataverse-DerausgewhltenUmgebungeineneueZeilehinzufgen" connectionreferenceid.connectionreferencelogicalname="cr16e_raiseTrainingBot.shared_commondataserviceforapps.shared-commondataser-01242310-8b69-4b82-979f-d21dc85ba31c">
    <iscustomizable>1</iscustomizable>
  </botcomponent_connectionreference>
  <botcomponent_connectionreference botcomponentid.schemaname="cr16e_raiseTrainingBot.topic.ErstelleneinerneuenBuchunginderDataverseTabelle" connectionreferenceid.connectionreferencelogicalname="cr16e_raiseTrainingBot.shared_commondataserviceforapps.shared-commondataser-01242310-8b69-4b82-979f-d21dc85ba31c">
    <iscustomizable>1</iscustomizable>
  </botcomponent_connectionreference>
</botcomponent_connectionreferenceset>