<botcomponent schemaname="cr16e_raiseTrainingBot.topic.MultipleTopicsMatched">
  <componenttype>9</componenttype>
  <description>Dieses Systemthema wird ausgelöst, wenn der Bot mehrere Themen mit der eingehenden Nachricht abgleicht und klären muss, welches Thema ausgelöst werden soll.</description>
  <iscustomizable>0</iscustomizable>
  <name>Mehrere passende Themen</name>
  <parentbotid>
    <schemaname>cr16e_raiseTrainingBot</schemaname>
  </parentbotid>
  <statecode>0</statecode>
  <statuscode>1</statuscode>
</botcomponent>